{"cameraMode":{"drawMode":0,"name":"Shaded","section":"Shading Mode"},"sceneLighting":true,"audioPlay":false,"sceneViewState":{"m_AlwaysRefresh":false,"showFog":true,"showSkybox":true,"showFlares":true,"showImageEffects":true,"showParticleSystems":true,"showVisualEffectGraphs":true,"m_FxEnabled":true},"in2DMode":false,"pivot":{"x":32.332698822021487,"y":42.32600402832031,"z":-35.36904525756836},"rotation":{"x":-0.30528563261032107,"y":0.29689300060272219,"z":-0.10079406201839447,"w":-0.8991672396659851},"size":0.024168329313397409,"orthographic":false}