{"cameraMode":{"drawMode":0,"name":"Shaded","section":"Shading Mode"},"sceneLighting":true,"audioPlay":false,"sceneViewState":{"m_AlwaysRefresh":false,"showFog":true,"showSkybox":true,"showFlares":true,"showImageEffects":true,"showParticleSystems":true,"showVisualEffectGraphs":true,"m_FxEnabled":true},"in2DMode":false,"pivot":{"x":-31.830524444580079,"y":26.36073112487793,"z":47.17399597167969},"rotation":{"x":-0.03384987637400627,"y":-0.9296792149543762,"z":0.08840450644493103,"w":-0.3560080826282501},"size":0.001069829217158258,"orthographic":false}