{"cameraMode":{"drawMode":0,"name":"Shaded","section":"Shading Mode"},"sceneLighting":true,"audioPlay":false,"sceneViewState":{"m_AlwaysRefresh":false,"showFog":true,"showSkybox":true,"showFlares":true,"showImageEffects":true,"showParticleSystems":true,"showVisualEffectGraphs":true,"m_FxEnabled":true},"in2DMode":false,"pivot":{"x":2.226516008377075,"y":0.22423423826694489,"z":5.663946628570557},"rotation":{"x":0.02623477205634117,"y":-0.9468704462051392,"z":0.08001530915498734,"w":0.31041282415390017},"size":0.0011698291637003422,"orthographic":false}